t,k,g,v,z,conn
0,0,0.0,129960.42700000005,52511.29391666672,109 110 111 112 117 121 122 123 124 125 126 127 128 129 130 154 157 158 159 476 491 548 553 556 557 558 559 561 563 564 565 566 567 568 569 570 571 572 573 574 575 576 577 578 579 580 581 582 583 584 585 586 587 588 589 590 591 592 593 594 595 596 597 598 599 600 601 602 603 605 606 607 608 609 610 611 612 613 614 615 616 617 618 619 620 621 622 623 624 625 626 627 628 629 630 631 632 633 634 635 636 637 638 639 640 641 642 643 644 645 646 647 648 649 650 651 652 653 654 655 656 657 658 659 660 661 663 664 668 670 673 674 675 676 677 678 679 680 681 682 683 684 685 686 687 706 707 708 709 710 711 712 713 714 715 716 717 718 719 720 721 722 723 724 725 726 727 728 729 730 731 732 733 734 735 736 737 738 739 740 741 742 743 744 745 746 747 748 749 750 751 752 753 754 755 756 757 758 759 760 761 762 763 764 765 766 767 768 769 770 775 776 777 787 788 789 790 791 792 793 794 795 796 797 798 799 800 801 802 803 804 805 806 807 808 809 810 811 812 813 814 815 816 817 818 819 820 821 822 826 827 828 829 830 831 832 833 834 835 836 837 838 841 842 843 844 899 900 903 905
0,1,0.0,33246.465,0.0,0 1 2 3 4 5 6 7 8 9 10 11 12 13 14 15 16 17 18 19 20 21 22 23 24 25 26 27 28 29 30 31 32 33 34 35 36 37 38 40 41 42 43 44 45 46 47 49 75 473 474 479 545 546 547 549 550 551 552 554 555
0,2,0.0,129992.8150000003,52543.68191666696,418 419 420 421 422 423 426 429 430 431 432 433 434 436 437 438 440 441 442 445 472 475 477 478 480 481 482 483 484 485 486 487 488 489 490 492 493 494 495 496 497 498 499 500 501 502 503 504 505 506 507 508 509 510 511 512 513 514 515 516 517 518 519 520 521 522 523 524 525 526 527 528 529 530 531 532 533 534 535 536 537 538 539 540 541 542 543 544 560 604 662 665 666 667 669 671 672 688 689 690 691 692 693 694 695 696 697 698 699 700 701 702 703 704 705 771 772 773 774 778 779 780 781 782 783 784 785 786 885 886 887 888 889 894 898 922 923 924 925 926 927 928 929 930 931 932 933 934 935 936 937 938 939 940 941 942 943 944 945 946 947 948 949 950 951 952 953 954 955 956 957 958 959 960 961 962 963 964 965 966 967 968 969 970 971 972 973 974 975 976 977 978 979 980 981 982 983 984 985 986 987 988 989 990 991 992 993 994 995 996 997 998 999 1000 1001 1002 1003 1005 1006 1011 1012 1015 1016 1017 1019 1020 1021 1022 1023 1024 1025 1026 1027 1028 1029 1030 1032
0,3,0.0,31018.45,0.0,52 53 54 55 56 57 58 59 60 61 62 63 64 65 66 67 68 69 70 71 72 73 74 76 77 78 79 80 81 82 83 84 85 86 87 88 89 90 91 92 93 94 95 96 97 98 99 100 101 102 103 104 105 106 107 108 113 114 115 116 118 120 131 132 133 134 135 136 137 139 218 219 220 221 222 223 224 225 562
0,4,0.0,76570.7240000001,0.0,119 138 140 141 146 147 148 149 150 151 152 153 155 156 160 161 162 163 164 165 166 167 168 169 170 171 172 173 174 175 176 177 178 179 180 181 182 183 184 185 186 187 188 189 190 191 192 193 194 195 196 197 198 199 200 201 202 203 204 205 206 207 208 209 210 211 212 213 214 215 216 217 309 310 311 312 313 314 315 316 317 318 319 320 321 322 323 324 325 326 327 328 329 330 331 332 333 334 335 336 337 338 339 340 341 342 343 344 345 346 347 348 349 350 351 352 353 354 355 356 357 358 359 360 361 362 363 364 365 366 367 368 370 371 372 373 374 379 382 391 394 397 407 410 411 413 823 824 825 839 840 845 846 847 849 850 851 852 853 854 855 856 858 859 860 861 862 863 864 865 866 867 868 869 870 871 873 874 875 878 1089 1090 1094 1095 1096 1099 1100 1101 1104 1105
0,5,0.0,34400.176999999996,0.0,142 143 144 145 226 227 228 229 230 231 232 233 234 235 236 237 238 239 240 241 242 243 244 245 246 247 248 249 250 251 252 253 254 255 256 257 258 259 260 261 262 263 264 265 266 267 268 269 270 271 272 273 274 275 276 277 278 279 280 281 282 283 284 285 286 287 288 289 290 291 292 293 294 295 296 297 298 299 300 301 302 303 304 305 306 307 308 380 381 383 384 385 386 387 388 389 390 392 393 395 396 398 399 400 401 402 403 404 405 412
0,6,21253.986083332013,18129.488999999998,0.0,1206 1209 1211 1221 1264 1267 1311 1312 1335 1337 1338 1339 1340 1341 1342 1348 1349 1350 1351 1352 1353 1354 1355 1356 1357 1358 1359 1360 1361 1362 1363 1364 1366 1367 1368 1369 1370 1371 1372 1373 1374 1375 1376 1377 1378 1379 1380 1381 1382 1383 1384 1385 1386 1387 1388 1389 1390 1391 1392 1393 1394 1395 1396 1397 1398 1399 1400 1401 1402 1403 1404 1405 1406 1407 1408 1409 1410 1411 1412 1413 1414 1415 1416 1417 1418
0,7,19899.073083332376,29374.78199999999,0.0,39 48 50 51 414 415 416 417 456 1272 1273 1274 1275 1276 1277 1278 1279 1280 1281 1282 1283 1284 1285 1286 1287 1288 1289 1290 1291 1292 1293 1294 1295 1296 1297 1298 1299 1300 1301 1302 1303 1304 1305 1306 1307 1308 1309 1310 1313 1314 1315 1316 1317 1318 1319 1320 1321 1322 1323 1324 1325 1326 1327 1328 1329 1330 1331 1332 1334 1343 1344 1345 1346 1347
0,8,0.0,63731.424000000035,0.0,369 375 376 377 378 406 408 409 848 857 872 876 877 879 880 881 882 883 884 890 891 892 893 895 896 897 901 902 904 906 907 908 909 910 911 912 913 914 915 916 917 918 919 920 921 1004 1007 1008 1009 1010 1013 1014 1039 1044 1045 1046 1047 1048 1049 1050 1051 1052 1053 1054 1055 1056 1057 1058 1059 1060 1061 1062 1063 1064 1065 1066 1068 1069 1071 1072 1073 1074 1075 1076 1077 1078 1079 1080 1081 1082 1083 1084 1085 1086 1087 1088 1091 1092 1093 1097 1098 1102 1103 1106 1107 1108 1109 1110 1111 1112 1113 1114 1115 1116 1117 1118 1119 1120 1121 1122 1123 1124 1125 1126 1127 1128 1129 1130 1131 1132 1133 1134 1135 1136 1137 1138 1139 1140 1141 1142 1143 1144 1145 1146 1147 1148 1149 1150 1151 1152 1153 1154 1155 1156 1157 1158 1159 1160 1161 1162 1163 1164 1165 1166 1167 1169 1170 1172 1173 1174 1175
0,9,0.0,46035.393,0.0,424 425 427 428 435 439 443 444 446 447 448 449 450 451 452 453 454 455 457 458 459 460 461 462 463 464 465 466 467 468 469 470 471 1018 1031 1033 1034 1035 1036 1037 1038 1040 1041 1042 1043 1067 1070 1168 1171 1176 1177 1178 1179 1180 1181 1182 1183 1184 1185 1186 1187 1188 1189 1190 1191 1192 1193 1194 1195 1196 1197 1198 1199 1200 1201 1202 1203 1204 1205 1207 1208 1210 1212 1213 1214 1215 1216 1217 1218 1219 1220 1222 1223 1224 1225 1226 1227 1228 1229 1230 1231 1232 1233 1234 1235 1236 1237 1238 1239 1240 1241 1242 1243 1244 1245 1246 1247 1248 1249 1250 1251 1252 1253 1254 1255 1256 1257 1258 1259 1260 1261 1262 1263 1265 1266 1268 1269 1270 1271 1333 1336 1365
1,0,29011.519000000008,48889.866,452.25191666666836,109 110 111 117 121 122 123 124 125 126 127 128 129 130 154 157 158 159 476 491 548 553 556 557 558 559 561 563 564 565 566 567 568 569 570 571 572 573 574 575 576 577 578 579 580 581 582 583 584 585 586 587 588 589 590 591 592 593 594 595 596 597 598 599 600 601 602 603 605 606 607 608 609 610 611 612 613 614 615 616 617 618 619 620 621 622 623 624 625 626 627 628 629 630 631 632 633 634 635 636 637 638 639 640 641 642 643 644 645 646 647 648 649 650 651 652 653 654 655 656 657 658 659 660 661 663 664 668 670 673 674 675 676 677 678 679 680 681 682 683 684 685 686 687 706 707 708 709 710 711 712 713 714 715 716 717 718 719 720 721 722 723 724 725 726 727 728 729 730 731 732 733 734 735 736 737 738 739 740 741 742 743 744 745 746 747 748 749 750 751 752 753 754 755 756 757 758 759 760 761 762 763 764 765 766 767 768 769 770 775 776 777 787 788 789 790 791 792 793 794 795 796 797 798 799 800 801 802 803 804 805 806 807 808 809 810 811 812 813 814 815 816 817 818 819 820 821 822 826 827 828 829 830 831 832 833 834 835 836 837 838 841 842 843 844 899 900 903 905
1,1,20729.65900000042,12937.389999999996,0.0,0 1 2 3 4 5 6 7 8 9 10 11 12 13 14 15 16 17 18 19 20 21 22 23 24 25 26 27 28 29 30 31 32 33 34 35 36 37 38 40 41 42 43 44 45 46 47 49 75 473 474 477 479 481 545 546 547 549 550 551 552 554 555
1,2,28617.849083333338,47582.40600000001,0.0,418 419 420 421 422 423 426 429 430 431 432 433 434 436 437 438 440 441 442 445 472 475 478 480 482 483 484 485 486 487 488 489 490 492 493 494 495 496 497 498 499 500 501 502 503 504 505 506 507 508 509 510 511 512 513 514 515 516 517 518 519 520 521 522 523 524 525 526 527 528 529 530 531 532 533 534 535 536 537 538 539 540 541 542 543 544 560 604 662 665 666 667 669 671 672 688 689 690 691 692 693 694 695 696 697 698 699 700 701 702 703 704 705 771 772 773 774 778 779 780 781 782 783 784 785 786 886 887 889 894 898 922 923 924 925 926 927 928 929 930 931 932 933 934 935 936 937 938 939 940 941 942 943 944 945 946 947 948 949 950 951 952 953 954 955 956 957 958 959 960 961 962 963 964 965 966 967 968 969 970 971 972 973 974 975 976 977 978 979 980 981 982 983 984 985 986 987 988 989 990 991 992 993 994 995 996 997 998 999 1000 1001 1002 1003 1005 1006 1011 1012 1015 1016 1017 1019 1020 1021 1022 1023 1024 1025 1026 1027 1028 1032
1,3,18719.559000000285,12060.828999999998,0.0,52 53 54 55 56 57 58 59 60 61 62 63 64 65 66 67 68 69 70 71 72 73 74 76 77 78 79 80 81 82 83 84 85 86 87 88 89 90 91 92 93 94 95 96 97 98 99 100 101 102 103 104 105 106 107 108 112 113 114 115 116 118 120 131 132 133 134 135 136 137 139 218 219 220 221 222 223 224 225 562
1,4,21364.880000000005,24707.309999999998,0.0,119 138 140 141 146 147 150 151 152 153 155 156 160 161 162 163 164 165 166 167 168 169 170 171 172 173 174 175 176 177 178 179 180 181 182 183 184 185 186 187 188 189 190 191 192 193 194 195 196 197 198 199 200 201 202 203 204 205 206 207 208 209 210 211 212 213 214 215 216 217 309 310 311 312 313 314 315 316 317 318 319 320 321 322 323 324 325 326 327 328 329 330 331 332 333 334 335 336 337 338 339 340 341 342 343 344 345 346 347 348 349 350 351 352 353 354 355 356 357 358 359 360 361 362 363 364 365 366 367 368 370 371 372 373 374 379 382 391 394 397 407 410 411 413 823 824 825 839 840 845 846 847 849 850 851 852 853 854 855 856 858 859 860 861 862 863 864 865 866 867 868 869 870 871 873 874 875 878 1089 1090 1094 1095 1096 1099 1100 1101 1104 1105
1,5,21653.36500000034,15072.732999999998,0.0,142 143 144 145 148 149 226 227 228 229 230 231 232 233 234 235 236 237 238 239 240 241 242 243 244 245 246 247 248 249 250 251 252 253 254 255 256 257 258 259 260 261 262 263 264 265 266 267 268 269 270 271 272 273 274 275 276 277 278 279 280 281 282 283 284 285 286 287 288 289 290 291 292 293 294 295 296 297 298 299 300 301 302 303 304 305 306 307 308 380 381 383 384 385 386 387 388 389 390 392 393 395 396 398 399 400 401 402 403 404 405 412
1,6,16241.496000000494,7170.223000000001,0.0,1205 1206 1209 1211 1221 1264 1267 1311 1312 1335 1337 1338 1339 1340 1341 1342 1348 1349 1350 1351 1352 1353 1354 1355 1356 1357 1358 1359 1360 1361 1362 1363 1364 1365 1366 1367 1368 1369 1370 1371 1372 1373 1374 1375 1376 1377 1378 1379 1380 1381 1382 1383 1384 1385 1386 1387 1388 1389 1390 1391 1392 1393 1394 1395 1396 1397 1398 1399 1400 1401 1402 1403 1404 1405 1406 1407 1408 1409 1410 1411 1412 1413 1414 1415 1416 1417 1418
1,7,14624.271000000153,14940.045999999998,0.0,39 48 50 51 414 415 416 417 456 1272 1273 1274 1275 1276 1277 1278 1279 1280 1281 1282 1283 1284 1285 1286 1287 1288 1289 1290 1291 1292 1293 1294 1295 1296 1297 1298 1299 1300 1301 1302 1303 1304 1305 1306 1307 1308 1309 1310 1313 1314 1315 1316 1317 1318 1319 1320 1321 1322 1323 1324 1325 1326 1327 1328 1329 1330 1331 1332 1334 1343 1344 1345 1346 1347
1,8,22138.886000000028,23889.237999999994,0.0,369 375 376 377 378 406 408 409 848 857 872 876 877 879 880 881 882 883 884 885 888 890 891 892 893 895 896 897 901 902 904 906 907 908 909 910 911 912 913 914 915 916 917 918 919 920 921 1004 1007 1008 1009 1010 1013 1014 1039 1044 1045 1046 1047 1048 1049 1050 1051 1052 1053 1054 1055 1056 1057 1058 1059 1060 1061 1062 1063 1064 1065 1066 1068 1069 1071 1072 1073 1074 1075 1076 1077 1078 1079 1080 1081 1082 1083 1084 1085 1086 1087 1088 1091 1092 1093 1097 1098 1102 1103 1106 1107 1108 1109 1110 1111 1112 1113 1114 1115 1116 1117 1118 1119 1120 1121 1122 1123 1124 1125 1126 1127 1128 1129 1130 1131 1132 1133 1134 1135 1136 1137 1138 1139 1140 1141 1142 1143 1144 1145 1146 1147 1148 1149 1150 1151 1152 1153 1154 1155 1156 1157 1158 1159 1160 1161 1162 1163 1164 1165 1166 1167 1169 1170 1172 1173 1174 1175
1,9,22441.935083330478,17765.072000000004,0.0,424 425 427 428 435 439 443 444 446 447 448 449 450 451 452 453 454 455 457 458 459 460 461 462 463 464 465 466 467 468 469 470 471 1018 1029 1030 1031 1033 1034 1035 1036 1037 1038 1040 1041 1042 1043 1067 1070 1168 1171 1176 1177 1178 1179 1180 1181 1182 1183 1184 1185 1186 1187 1188 1189 1190 1191 1192 1193 1194 1195 1196 1197 1198 1199 1200 1201 1202 1203 1204 1207 1208 1210 1212 1213 1214 1215 1216 1217 1218 1219 1220 1222 1223 1224 1225 1226 1227 1228 1229 1230 1231 1232 1233 1234 1235 1236 1237 1238 1239 1240 1241 1242 1243 1244 1245 1246 1247 1248 1249 1250 1251 1252 1253 1254 1255 1256 1257 1258 1259 1260 1261 1262 1263 1265 1266 1268 1269 1270 1271 1333 1336
2,0,77449.13308333333,29011.519000000004,0.0,124 127 128 129 130 154 158 159 491 492 559 564 565 567 568 569 570 571 572 573 574 575 576 577 578 580 581 582 583 584 586 587 588 589 590 591 592 593 594 595 596 597 598 599 601 602 603 606 608 609 610 611 612 613 614 615 616 617 618 619 620 621 622 623 624 625 626 627 628 629 630 631 632 633 634 635 636 637 638 639 640 641 642 643 644 645 646 647 648 649 650 651 652 653 654 655 656 657 658 659 660 661 663 664 668 670 673 674 675 676 677 678 679 680 681 682 683 684 685 686 687 706 707 708 709 710 711 712 713 714 715 716 717 718 719 720 721 722 723 724 725 726 727 728 729 730 731 732 733 734 735 736 737 738 739 740 741 742 743 744 745 746 747 748 749 750 751 752 753 754 755 756 757 758 759 760 762 764 766 767 768 770 775 776 777 787 788 789 790 791 792 793 794 795 796 797 798 799 800 801 802 803 804 805 806 807 808 809 810 811 812 813 814 815 816 817 818 819 820 821 826 827 828 829 830 832 833 834 837 841 843
2,1,60274.78000000052,9050.823000000002,0.0,0 1 2 3 4 5 6 7 8 9 10 11 12 13 14 15 16 17 18 19 20 21 22 23 24 25 26 27 28 29 30 31 32 33 34 35 37 38 40 41 42 43 44 45 46 47 49 75 419 472 473 474 475 476 477 479 480 481 483 545 546 547 548 549 550 551 552 553 554 555 556 557 558 560 561 600 604 605 607
2,2,77449.13308333333,28453.96500000001,0.0,420 421 422 429 478 482 484 485 486 487 488 489 490 493 494 495 496 497 498 499 500 501 502 503 504 505 506 507 508 509 510 511 512 513 514 515 516 517 518 519 520 521 522 523 524 525 526 527 528 529 530 531 532 533 534 535 536 537 538 539 540 541 542 543 544 662 665 666 667 669 671 672 688 689 690 691 692 693 694 695 696 697 698 699 700 701 702 703 704 705 771 772 773 774 778 780 782 783 784 785 786 889 922 923 924 925 926 927 928 929 930 931 932 933 934 935 936 937 938 939 940 941 942 943 944 945 946 947 948 949 950 951 952 953 954 955 956 957 958 959 960 961 962 963 964 965 966 967 968 969 970 971 972 973 974 975 976 977 978 979 980 981 982 983 984 985 986 987 988 989 990 991 992 993 994 995 996 997 998 999 1006 1011 1020 1021 1024 1025 1027
2,3,51026.40900000029,9678.653,0.0,52 53 54 55 56 57 58 59 60 61 62 63 64 65 66 67 68 69 70 71 72 73 74 76 77 78 79 80 81 82 83 84 85 86 87 88 89 90 91 92 93 94 95 96 97 98 99 100 101 102 103 104 105 106 107 108 109 110 111 112 113 114 115 116 117 118 119 120 121 122 123 125 126 131 132 133 134 135 136 137 139 218 219 220 221 222 223 224 225 562 563 566 585
2,4,74707.74200000004,20268.694,0.0,138 140 141 147 150 151 152 153 155 156 157 160 161 162 163 164 165 166 167 168 169 170 171 172 173 174 175 176 177 178 179 180 181 182 183 184 185 186 187 188 189 190 191 192 193 194 195 196 197 198 199 200 201 202 203 204 205 206 207 208 209 210 211 212 213 214 215 216 217 309 310 311 312 313 314 315 316 317 318 319 320 321 322 323 324 325 326 327 328 329 330 331 332 333 334 335 336 337 338 339 340 341 342 343 344 345 346 347 348 349 350 351 352 353 354 355 356 357 358 359 360 361 362 363 364 365 366 367 368 370 371 372 373 374 379 382 407 410 411 579 765 822 823 824 825 831 835 836 838 839 840 842 844 845 846 847 849 850 851 852 853 854 855 856 858 859 860 861 862 863 864 865 866 867 868 869 870 871 873 874 875 878 1089 1090 1094 1095 1096 1099 1100 1101 1104 1105
2,5,52379.86400000031,11439.623999999998,0.0,142 143 144 145 146 148 149 226 227 228 229 230 231 232 233 234 235 236 237 238 239 240 241 242 243 244 245 246 247 248 249 250 251 252 253 254 255 256 257 258 259 260 261 262 263 264 265 266 267 268 269 270 271 272 273 274 275 276 277 278 279 280 281 282 283 284 285 286 287 288 289 290 291 292 293 294 295 296 297 298 299 300 301 302 303 304 305 306 307 308 380 381 383 384 385 386 387 388 389 390 391 392 393 394 395 396 397 398 399 400 401 402 403 404 405 412 413
2,6,35232.79500000051,6891.750000000001,0.0,1203 1204 1205 1206 1208 1209 1210 1211 1212 1221 1264 1265 1266 1267 1311 1312 1335 1337 1338 1339 1340 1341 1342 1348 1349 1350 1351 1352 1353 1354 1355 1356 1357 1358 1359 1360 1361 1362 1363 1364 1365 1366 1367 1368 1369 1370 1371 1372 1373 1374 1375 1376 1377 1378 1379 1380 1381 1382 1383 1384 1385 1386 1387 1388 1389 1390 1391 1392 1393 1394 1395 1396 1397 1398 1399 1400 1401 1402 1403 1404 1405 1406 1407 1408 1409 1410 1411 1412 1413 1414 1415 1416 1417 1418
2,7,32086.902000000104,9641.012000000002,0.0,36 39 48 50 51 414 415 416 417 418 456 1272 1273 1274 1275 1276 1277 1278 1279 1280 1281 1282 1283 1284 1285 1286 1287 1288 1289 1290 1291 1292 1293 1294 1295 1296 1297 1298 1299 1300 1301 1302 1303 1304 1305 1306 1307 1308 1309 1310 1313 1314 1315 1316 1317 1318 1319 1320 1321 1322 1323 1324 1325 1326 1327 1328 1329 1330 1331 1332 1334 1343 1344 1345 1346 1347
2,8,68519.31200000005,21191.946000000004,0.0,369 375 376 377 378 406 408 409 761 763 769 779 781 848 857 872 876 877 879 880 881 882 883 884 885 886 887 888 890 891 892 893 894 895 896 897 898 899 900 901 902 903 904 905 906 907 908 909 910 911 912 913 914 915 916 917 918 919 920 921 1000 1001 1002 1003 1004 1005 1007 1008 1009 1010 1012 1013 1014 1044 1045 1046 1047 1048 1049 1050 1051 1052 1053 1054 1055 1056 1057 1058 1059 1060 1061 1062 1063 1064 1065 1066 1069 1071 1072 1073 1074 1075 1076 1077 1078 1079 1080 1081 1082 1083 1084 1085 1086 1087 1088 1091 1092 1093 1097 1098 1102 1103 1106 1107 1108 1109 1110 1111 1112 1113 1114 1115 1116 1117 1118 1119 1120 1121 1122 1123 1124 1125 1126 1127 1128 1129 1130 1131 1132 1133 1134 1135 1136 1137 1138 1139 1140 1141 1142 1143 1144 1145 1146 1147 1148 1149 1150 1151 1152 1153 1154 1155 1156 1157 1158 1159 1160 1161 1162 1163 1164 1165 1166 1167 1169 1170 1172 1173 1174 1175
2,9,64389.967166662405,12790.650000000005,0.0,423 424 425 426 427 428 430 431 432 433 434 435 436 437 438 439 440 441 442 443 444 445 446 447 448 449 450 451 452 453 454 455 457 458 459 460 461 462 463 464 465 466 467 468 469 470 471 1015 1016 1017 1018 1019 1022 1023 1026 1028 1029 1030 1031 1032 1033 1034 1035 1036 1037 1038 1039 1040 1041 1042 1043 1067 1068 1070 1168 1171 1176 1177 1178 1179 1180 1181 1182 1183 1184 1185 1186 1187 1188 1189 1190 1191 1192 1193 1194 1195 1196 1197 1198 1199 1200 1201 1202 1207 1213 1214 1215 1216 1217 1218 1219 1220 1222 1223 1224 1225 1226 1227 1228 1229 1230 1231 1232 1233 1234 1235 1236 1237 1238 1239 1240 1241 1242 1243 1244 1245 1246 1247 1248 1249 1250 1251 1252 1253 1254 1255 1256 1257 1258 1259 1260 1261 1262 1263 1268 1269 1270 1271 1333 1336
3,0,77449.13308333333,86939.92800000001,9490.794916666673,124 127 128 129 130 154 158 159 491 492 559 564 565 567 568 569 570 571 572 573 574 575 576 577 578 580 581 582 583 584 586 587 588 589 590 591 592 593 594 595 596 597 598 599 601 602 603 606 608 609 610 611 612 613 614 615 616 617 618 619 620 621 622 623 624 625 626 627 628 629 630 631 632 633 634 635 636 637 638 639 640 641 642 643 644 645 646 647 648 649 650 651 652 653 654 655 656 657 658 659 660 661 663 664 668 670 673 674 675 676 677 678 679 680 681 682 683 684 685 686 687 706 707 708 709 710 711 712 713 714 715 716 717 718 719 720 721 722 723 724 725 726 727 728 729 730 731 732 733 734 735 736 737 738 739 740 741 742 743 744 745 746 747 748 749 750 751 752 753 754 755 756 757 758 759 760 762 764 766 767 768 770 775 776 777 787 788 789 790 791 792 793 794 795 796 797 798 799 800 801 802 803 804 805 806 807 808 809 810 811 812 813 814 815 816 817 818 819 820 821 826 827 828 829 830 832 833 834 837 841
3,1,77449.13308333333,35659.83900000001,0.0,0 1 2 3 4 5 6 7 8 9 10 11 12 13 14 15 16 17 18 19 20 21 22 23 24 25 26 27 28 29 30 31 32 33 34 35 37 38 40 41 42 43 44 45 46 47 49 75 419 472 473 474 475 476 477 479 480 481 483 545 546 547 548 549 550 551 552 553 554 555 556 557 558 560 561 600 604 605 607
3,2,77449.13308333333,81476.95400000001,4027.8209166666593,420 421 422 429 478 482 484 485 486 487 488 489 490 493 494 495 496 497 498 499 500 501 502 503 504 505 506 507 508 509 510 511 512 513 514 515 516 517 518 519 520 521 522 523 524 525 526 527 528 529 530 531 532 533 534 535 536 537 538 539 540 541 542 543 544 662 665 666 667 669 671 672 688 689 690 691 692 693 694 695 696 697 698 699 700 701 702 703 704 705 771 772 773 774 778 780 782 783 784 785 786 922 923 924 925 926 927 928 929 930 931 932 933 934 935 936 937 938 939 940 941 942 943 944 945 946 947 948 949 950 951 952 953 954 955 956 957 958 959 960 961 962 963 964 965 966 967 968 969 970 971 972 973 974 975 976 977 978 979 980 981 982 983 984 985 986 987 988 989 990 991 992 993 994 995 996 997 998 999 1006 1011 1020 1021 1024 1025 1027
3,3,67978.42700000035,35626.431,0.0,52 53 54 55 56 57 58 59 60 61 62 63 64 65 66 67 68 69 70 71 72 73 74 76 77 78 79 80 81 82 83 84 85 86 87 88 89 90 91 92 93 94 95 96 97 98 99 100 101 102 103 104 105 106 107 108 109 110 111 112 113 114 115 116 117 118 119 120 121 122 123 125 126 131 132 133 134 135 136 137 139 218 219 220 221 222 223 224 225 562 563 566 585
3,4,77449.13308333333,73250.01300000002,0.0,138 140 141 147 150 151 152 153 155 156 157 160 161 162 163 164 165 166 167 168 169 170 171 172 173 174 175 176 177 178 179 180 181 182 183 184 185 186 187 188 189 190 191 192 193 194 195 196 197 198 199 200 201 202 203 204 205 206 207 208 209 210 211 212 213 214 215 216 217 309 310 311 312 313 314 315 316 317 318 319 320 321 322 323 324 325 326 327 328 329 330 331 332 333 334 335 336 337 338 339 340 341 342 343 344 345 346 347 348 349 350 351 352 353 354 355 356 357 358 359 360 361 362 363 364 365 366 367 368 370 371 372 373 374 379 382 407 410 411 579 765 822 823 824 825 831 835 836 838 839 840 842 843 844 845 846 847 849 850 851 852 853 854 855 856 858 859 860 861 862 863 864 865 866 867 868 869 870 871 873 874 875 878 1089 1090 1094 1095 1096 1099 1100 1101 1104 1105
3,5,66305.66700000022,34037.897,0.0,142 143 144 145 146 148 149 226 227 228 229 230 231 232 233 234 235 236 237 238 239 240 241 242 243 244 245 246 247 248 249 250 251 252 253 254 255 256 257 258 259 260 261 262 263 264 265 266 267 268 269 270 271 272 273 274 275 276 277 278 279 280 281 282 283 284 285 286 287 288 289 290 291 292 293 294 295 296 297 298 299 300 301 302 303 304 305 306 307 308 380 381 383 384 385 386 387 388 389 390 391 392 393 394 395 396 397 398 399 400 401 402 403 404 405 412 413
3,6,46402.312000000566,18492.585999999996,0.0,1203 1204 1205 1206 1208 1209 1210 1211 1212 1221 1264 1265 1266 1267 1311 1312 1335 1337 1338 1339 1340 1341 1342 1348 1349 1350 1351 1352 1353 1354 1355 1356 1357 1358 1359 1360 1361 1362 1363 1364 1365 1366 1367 1368 1369 1370 1371 1372 1373 1374 1375 1376 1377 1378 1379 1380 1381 1382 1383 1384 1385 1386 1387 1388 1389 1390 1391 1392 1393 1394 1395 1396 1397 1398 1399 1400 1401 1402 1403 1404 1405 1406 1407 1408 1409 1410 1411 1412 1413 1414 1415 1416 1417 1418
3,7,42560.40200000007,24700.188000000002,0.0,36 39 48 50 51 414 415 416 417 418 456 1272 1273 1274 1275 1276 1277 1278 1279 1280 1281 1282 1283 1284 1285 1286 1287 1288 1289 1290 1291 1292 1293 1294 1295 1296 1297 1298 1299 1300 1301 1302 1303 1304 1305 1306 1307 1308 1309 1310 1313 1314 1315 1316 1317 1318 1319 1320 1321 1322 1323 1324 1325 1326 1327 1328 1329 1330 1331 1332 1334 1343 1344 1345 1346 1347
3,8,77449.13308333333,65950.516,0.0,369 375 376 377 378 406 408 409 761 763 769 779 781 848 857 872 876 877 879 880 881 882 883 884 885 886 887 888 889 890 891 892 893 894 895 896 897 898 899 900 901 902 903 904 905 906 907 908 909 910 911 912 913 914 915 916 917 918 919 920 921 1000 1001 1002 1003 1004 1005 1007 1008 1009 1010 1012 1013 1014 1044 1045 1046 1047 1048 1049 1050 1051 1052 1053 1054 1055 1056 1057 1058 1059 1060 1061 1062 1063 1064 1065 1066 1069 1071 1072 1073 1074 1075 1076 1077 1078 1079 1080 1081 1082 1083 1084 1085 1086 1087 1088 1091 1092 1093 1097 1098 1102 1103 1106 1107 1108 1109 1110 1111 1112 1113 1114 1115 1116 1117 1118 1119 1120 1121 1122 1123 1124 1125 1126 1127 1128 1129 1130 1131 1132 1133 1134 1135 1136 1137 1138 1139 1140 1141 1142 1143 1144 1145 1146 1147 1148 1149 1150 1151 1152 1153 1154 1155 1156 1157 1158 1159 1160 1161 1162 1163 1164 1165 1166 1167 1169 1170 1172 1173 1174 1175
3,9,77449.13308333333,53023.24100000003,0.0,423 424 425 426 427 428 430 431 432 433 434 435 436 437 438 439 440 441 442 443 444 445 446 447 448 449 450 451 452 453 454 455 457 458 459 460 461 462 463 464 465 466 467 468 469 470 471 1015 1016 1017 1018 1019 1022 1023 1026 1028 1029 1030 1031 1032 1033 1034 1035 1036 1037 1038 1039 1040 1041 1042 1043 1067 1068 1070 1168 1171 1176 1177 1178 1179 1180 1181 1182 1183 1184 1185 1186 1187 1188 1189 1190 1191 1192 1193 1194 1195 1196 1197 1198 1199 1200 1201 1202 1207 1213 1214 1215 1216 1217 1218 1219 1220 1222 1223 1224 1225 1226 1227 1228 1229 1230 1231 1232 1233 1234 1235 1236 1237 1238 1239 1240 1241 1242 1243 1244 1245 1246 1247 1248 1249 1250 1251 1252 1253 1254 1255 1256 1257 1258 1259 1260 1261 1262 1263 1268 1269 1270 1271 1333 1336
4,0,77449.13308333333,129916.16800000003,52467.0349166667,124 127 128 129 130 154 158 159 491 492 559 564 565 567 568 569 570 571 572 573 574 575 576 577 578 580 581 582 583 584 586 587 588 589 590 591 592 593 594 595 596 597 598 599 601 603 606 608 609 610 611 612 613 614 615 616 617 618 619 620 621 622 623 624 625 626 627 628 629 630 631 632 633 634 635 636 637 638 639 640 641 642 643 644 645 646 647 648 649 650 651 652 653 654 655 656 657 658 659 660 661 663 664 668 670 673 674 675 676 677 678 679 680 681 682 683 684 685 686 687 706 707 708 709 710 711 712 713 714 715 716 717 718 719 720 721 722 723 724 725 726 727 728 729 730 731 732 733 734 735 736 737 738 739 740 741 742 743 744 745 746 747 748 749 750 751 752 753 754 755 756 757 758 759 760 762 764 766 767 768 770 775 776 777 787 788 789 790 791 792 793 794 795 796 797 798 799 800 801 802 803 804 805 806 807 808 809 810 811 812 813 814 815 816 817 818 819 820 821 826 827 828 829 830 832 833 834 837 841
4,1,73488.28816666584,52269.07099999999,0.0,0 1 2 3 4 5 6 7 8 9 10 11 12 13 14 15 16 17 18 19 20 21 22 23 24 25 26 27 28 29 30 31 32 33 34 35 37 38 40 41 42 43 44 45 46 47 49 75 419 472 473 474 475 476 477 479 480 481 483 545 546 547 548 549 550 551 552 553 554 555 556 557 558 560 561 600 602 604 605 607
4,2,77449.13308333333,122238.96300000003,44789.8299166667,420 421 422 429 478 482 484 485 486 487 488 489 490 493 494 495 496 497 498 499 500 501 502 503 504 505 506 507 508 509 510 511 512 513 514 515 516 517 518 519 520 521 522 523 524 525 526 527 528 529 530 531 532 533 534 535 536 537 538 539 540 541 542 543 544 662 665 666 667 669 671 672 688 689 690 691 692 693 694 695 696 697 698 699 700 701 702 703 704 705 771 772 773 774 778 780 782 783 784 785 786 922 923 924 925 926 927 928 929 930 931 932 933 934 935 936 937 938 939 940 941 942 943 944 945 946 947 948 949 950 951 952 953 954 955 956 957 958 959 960 961 962 963 964 965 966 967 968 969 970 971 972 973 974 975 976 977 978 979 980 981 982 983 984 985 986 987 988 989 990 991 992 993 994 995 996 997 998 999 1006 1011 1020 1021 1024 1025 1027
4,3,75052.64800000036,48766.81000000001,0.0,52 53 54 55 56 57 58 59 60 61 62 63 64 65 66 67 68 69 70 71 72 73 74 76 77 78 79 80 81 82 83 84 85 86 87 88 89 90 91 92 93 94 95 96 97 98 99 100 101 102 103 104 105 106 107 108 109 110 111 112 113 114 115 116 117 118 119 120 121 122 123 125 126 131 132 133 134 135 136 137 139 218 219 220 221 222 223 224 225 562 563 566 585
4,4,77449.13308333333,105458.70899999999,28009.575916666654,138 140 141 147 150 151 152 153 155 156 157 160 161 162 163 164 165 166 167 168 169 170 171 172 173 174 175 176 177 178 179 180 181 182 183 184 185 186 187 188 189 190 191 192 193 194 195 196 197 198 199 200 201 202 203 204 205 206 207 208 209 210 211 212 213 214 215 216 217 309 310 311 312 313 314 315 316 317 318 319 320 321 322 323 324 325 326 327 328 329 330 331 332 333 334 335 336 337 338 339 340 341 342 343 344 345 346 347 348 349 350 351 352 353 354 355 356 357 358 359 360 361 362 363 364 365 366 367 368 370 371 372 373 374 379 382 407 410 411 579 765 822 823 824 825 831 835 836 838 839 840 842 843 844 845 846 847 849 850 851 852 853 854 855 856 858 859 860 861 862 863 864 865 866 867 868 869 870 871 873 874 875 878 1089 1090 1094 1095 1096 1099 1100 1101 1104 1105
4,5,76375.99900000021,47276.03799999998,0.0,142 143 144 145 146 148 149 226 227 228 229 230 231 232 233 234 235 236 237 238 239 240 241 242 243 244 245 246 247 248 249 250 251 252 253 254 255 256 257 258 259 260 261 262 263 264 265 266 267 268 269 270 271 272 273 274 275 276 277 278 279 280 281 282 283 284 285 286 287 288 289 290 291 292 293 294 295 296 297 298 299 300 301 302 303 304 305 306 307 308 380 381 383 384 385 386 387 388 389 390 391 392 393 394 395 396 397 398 399 400 401 402 403 404 405 412 413
4,6,50846.67800000045,27899.58,0.0,1203 1204 1205 1206 1208 1209 1210 1211 1212 1221 1264 1265 1266 1267 1311 1312 1335 1337 1338 1339 1340 1341 1342 1348 1349 1350 1351 1352 1353 1354 1355 1356 1357 1358 1359 1360 1361 1362 1363 1364 1365 1366 1367 1368 1369 1370 1371 1372 1373 1374 1375 1376 1377 1378 1379 1380 1381 1382 1383 1384 1385 1386 1387 1388 1389 1390 1391 1392 1393 1394 1395 1396 1397 1398 1399 1400 1401 1402 1403 1404 1405 1406 1407 1408 1409 1410 1411 1412 1413 1414 1415 1416 1417 1418
4,7,49941.191000000064,35069.89899999998,0.0,36 39 48 50 51 414 415 416 417 418 456 1272 1273 1274 1275 1276 1277 1278 1279 1280 1281 1282 1283 1284 1285 1286 1287 1288 1289 1290 1291 1292 1293 1294 1295 1296 1297 1298 1299 1300 1301 1302 1303 1304 1305 1306 1307 1308 1309 1310 1313 1314 1315 1316 1317 1318 1319 1320 1321 1322 1323 1324 1325 1326 1327 1328 1329 1330 1331 1332 1334 1343 1344 1345 1346 1347
4,8,77449.13308333333,102567.619,25118.485916666647,369 375 376 377 378 406 408 409 761 763 769 779 781 848 857 872 876 877 879 880 881 882 883 884 885 886 887 888 889 890 891 892 893 894 895 896 897 898 899 900 901 902 903 904 905 906 907 908 909 910 911 912 913 914 915 916 917 918 919 920 921 1000 1001 1002 1003 1004 1005 1007 1008 1009 1010 1012 1013 1014 1044 1045 1046 1047 1048 1049 1050 1051 1052 1053 1054 1055 1056 1057 1058 1059 1060 1061 1062 1063 1064 1065 1066 1069 1071 1072 1073 1074 1075 1076 1077 1078 1079 1080 1081 1082 1083 1084 1085 1086 1087 1088 1091 1092 1093 1097 1098 1102 1103 1106 1107 1108 1109 1110 1111 1112 1113 1114 1115 1116 1117 1118 1119 1120 1121 1122 1123 1124 1125 1126 1127 1128 1129 1130 1131 1132 1133 1134 1135 1136 1137 1138 1139 1140 1141 1142 1143 1144 1145 1146 1147 1148 1149 1150 1151 1152 1153 1154 1155 1156 1157 1158 1159 1160 1161 1162 1163 1164 1165 1166 1167 1169 1170 1172 1173 1174 1175
4,9,77449.13308333333,70452.94900000007,0.0,423 424 425 426 427 428 430 431 432 433 434 435 436 437 438 439 440 441 442 443 444 445 446 447 448 449 450 451 452 453 454 455 457 458 459 460 461 462 463 464 465 466 467 468 469 470 471 1015 1016 1017 1018 1019 1022 1023 1026 1028 1029 1030 1031 1032 1033 1034 1035 1036 1037 1038 1039 1040 1041 1042 1043 1067 1068 1070 1168 1171 1176 1177 1178 1179 1180 1181 1182 1183 1184 1185 1186 1187 1188 1189 1190 1191 1192 1193 1194 1195 1196 1197 1198 1199 1200 1201 1202 1207 1213 1214 1215 1216 1217 1218 1219 1220 1222 1223 1224 1225 1226 1227 1228 1229 1230 1231 1232 1233 1234 1235 1236 1237 1238 1239 1240 1241 1242 1243 1244 1245 1246 1247 1248 1249 1250 1251 1252 1253 1254 1255 1256 1257 1258 1259 1260 1261 1262 1263 1268 1269 1270 1271 1333 1336
5,0,52497.62391666668,129871.21299999996,27470.57074999997,129 130 154 158 159 491 492 559 564 565 568 569 570 571 572 573 575 576 578 580 581 582 583 584 586 587 588 589 590 591 592 593 594 595 596 597 598 601 603 608 609 610 611 612 613 614 615 616 617 618 619 620 621 622 623 624 625 626 627 628 629 630 631 632 633 634 635 636 637 638 639 640 641 642 643 644 645 646 647 648 649 650 651 652 653 654 655 656 657 658 659 660 661 663 664 668 670 673 674 675 676 677 678 679 680 681 682 683 684 685 686 687 706 707 708 709 710 711 712 713 714 715 716 717 718 719 720 721 722 723 724 725 726 727 728 729 730 731 732 733 734 735 736 737 738 739 740 741 742 743 744 745 746 747 748 749 750 751 752 753 754 755 756 757 758 759 760 762 764 775 776 777 787 788 789 790 791 792 793 794 795 796 797 798 799 800 801 802 803 804 805 806 807 808 809 810 811 812 813 814 815 816 817 818 819 820 826 827 828 829 830 832 833 834 837 841
5,1,77449.13308333333,64355.380000000034,0.0,0 1 2 3 4 5 6 7 8 9 10 11 12 13 14 15 16 17 18 19 20 21 22 23 24 25 26 27 28 29 30 31 32 33 34 35 37 38 40 41 42 43 44 45 46 47 49 75 419 421 472 473 474 475 476 477 478 479 480 481 482 483 490 495 499 523 524 525 527 532 545 546 547 548 549 550 551 552 553 554 555 556 557 558 560 561 567 599 600 602 604 605 606 607
5,2,77449.13308333333,129758.68100000001,52309.54791666668,420 422 484 485 486 487 488 489 493 494 496 497 498 500 501 502 503 504 505 506 507 508 509 510 511 512 513 514 515 516 517 518 519 520 521 522 526 528 529 530 531 533 534 535 536 537 538 539 540 541 542 543 544 662 665 666 667 669 671 672 688 689 690 691 692 693 694 695 696 697 698 699 700 701 702 703 704 705 771 772 773 774 778 780 782 783 784 785 786 922 923 924 925 926 927 928 929 930 931 932 933 935 938 939 940 941 942 943 944 945 946 947 948 949 950 951 952 953 954 955 956 957 958 959 960 961 962 963 964 965 966 967 968 969 970 971 972 973 974 975 976 977 978 979 980 981 982 983 984 985 986 987 988 989 990 991 992 993 994 995 997 998 999 1020 1021
5,3,77449.13308333333,52287.306,0.0,52 53 54 55 56 57 58 59 60 61 62 63 64 65 66 67 68 69 70 71 72 73 74 76 77 78 79 80 81 82 83 84 85 86 87 88 89 90 91 92 93 94 95 96 97 98 99 100 101 102 103 104 105 106 107 108 109 110 111 112 113 114 115 116 117 118 119 120 121 122 123 124 125 126 127 128 131 132 133 134 135 136 137 139 218 219 220 221 222 223 224 225 562 563 566 574 577 585
5,4,77449.13308333333,113182.47799999999,35733.344916666654,138 140 141 147 150 151 152 153 155 156 157 160 161 162 163 164 165 166 167 168 169 170 171 172 173 174 175 176 177 178 179 180 181 182 183 184 185 186 187 188 189 190 191 192 193 194 195 196 197 198 199 200 201 202 203 204 205 206 207 208 209 210 211 212 213 214 215 216 217 309 310 311 312 313 314 315 316 317 318 319 320 321 322 323 324 325 326 327 328 329 330 331 332 333 334 335 336 337 338 339 340 341 342 343 344 345 346 347 348 349 350 351 352 353 354 355 356 357 358 359 360 361 362 363 364 365 366 367 368 370 371 372 373 374 379 382 407 410 411 579 765 766 821 822 823 824 825 831 835 836 838 839 840 842 843 844 845 846 847 849 850 851 852 853 854 855 856 858 859 860 861 862 863 864 865 866 867 868 869 870 871 873 874 875 878 1089 1090 1094 1095 1096 1099 1100 1101 1104 1105
5,5,77449.13308333333,55837.56900000002,0.0,142 143 144 145 146 148 149 226 227 228 229 230 231 232 233 234 235 236 237 238 239 240 241 242 243 244 245 246 247 248 249 250 251 252 253 254 255 256 257 258 259 260 261 262 263 264 265 266 267 268 269 270 271 272 273 274 275 276 277 278 279 280 281 282 283 284 285 286 287 288 289 290 291 292 293 294 295 296 297 298 299 300 301 302 303 304 305 306 307 308 380 381 383 384 385 386 387 388 389 390 391 392 393 394 395 396 397 398 399 400 401 402 403 404 405 412 413
5,6,53255.5530000004,33757.008999999984,0.0,1203 1204 1205 1206 1208 1209 1210 1211 1212 1221 1264 1265 1266 1267 1311 1312 1335 1337 1338 1339 1340 1341 1342 1348 1349 1350 1351 1352 1353 1354 1355 1356 1357 1358 1359 1360 1361 1362 1363 1364 1365 1366 1367 1368 1369 1370 1371 1372 1373 1374 1375 1376 1377 1378 1379 1380 1381 1382 1383 1384 1385 1386 1387 1388 1389 1390 1391 1392 1393 1394 1395 1396 1397 1398 1399 1400 1401 1402 1403 1404 1405 1406 1407 1408 1409 1410 1411 1412 1413 1414 1415 1416 1417 1418
5,7,55764.21100000005,42760.316999999995,0.0,36 39 48 50 51 414 415 416 417 418 456 1272 1273 1274 1275 1276 1277 1278 1279 1280 1281 1282 1283 1284 1285 1286 1287 1288 1289 1290 1291 1292 1293 1294 1295 1296 1297 1298 1299 1300 1301 1302 1303 1304 1305 1306 1307 1308 1309 1310 1313 1314 1315 1316 1317 1318 1319 1320 1321 1322 1323 1324 1325 1326 1327 1328 1329 1330 1331 1332 1334 1343 1344 1345 1346 1347
5,8,77449.13308333333,114599.561,37150.42791666666,369 375 376 377 378 406 408 409 761 763 767 768 769 770 779 781 848 857 872 876 877 879 880 881 882 883 884 885 886 887 888 889 890 891 892 893 894 895 896 897 898 899 900 901 902 903 904 905 906 907 908 909 910 911 912 913 914 915 916 917 918 919 920 921 1000 1001 1002 1003 1004 1005 1007 1008 1009 1010 1012 1013 1014 1044 1045 1046 1047 1048 1049 1050 1051 1052 1053 1054 1055 1056 1057 1058 1059 1060 1061 1062 1063 1064 1065 1066 1069 1071 1072 1073 1074 1075 1076 1077 1078 1079 1080 1081 1082 1083 1084 1085 1086 1087 1088 1091 1092 1093 1097 1098 1102 1103 1106 1107 1108 1109 1110 1111 1112 1113 1114 1115 1116 1117 1118 1119 1120 1121 1122 1123 1124 1125 1126 1127 1128 1129 1130 1131 1132 1133 1134 1135 1136 1137 1138 1139 1140 1141 1142 1143 1144 1145 1146 1147 1148 1149 1150 1151 1152 1153 1154 1155 1156 1157 1158 1159 1160 1161 1162 1163 1164 1165 1166 1167 1169 1170 1172 1173 1174 1175
5,9,77449.13308333333,85950.64900000003,8501.515916666656,423 424 425 426 427 428 429 430 431 432 433 434 435 436 437 438 439 440 441 442 443 444 445 446 447 448 449 450 451 452 453 454 455 457 458 459 460 461 462 463 464 465 466 467 468 469 470 471 934 936 937 996 1006 1011 1015 1016 1017 1018 1019 1022 1023 1024 1025 1026 1027 1028 1029 1030 1031 1032 1033 1034 1035 1036 1037 1038 1039 1040 1041 1042 1043 1067 1068 1070 1168 1171 1176 1177 1178 1179 1180 1181 1182 1183 1184 1185 1186 1187 1188 1189 1190 1191 1192 1193 1194 1195 1196 1197 1198 1199 1200 1201 1202 1207 1213 1214 1215 1216 1217 1218 1219 1220 1222 1223 1224 1225 1226 1227 1228 1229 1230 1231 1232 1233 1234 1235 1236 1237 1238 1239 1240 1241 1242 1243 1244 1245 1246 1247 1248 1249 1250 1251 1252 1253 1254 1255 1256 1257 1258 1259 1260 1261 1262 1263 1268 1269 1270 1271 1333 1336
6,0,0.0,129946.75700000001,0.0,154 576 578 581 582 583 586 587 588 589 590 591 592 593 594 595 596 597 598 608 609 610 611 612 613 614 615 616 617 618 619 620 621 623 624 625 626 627 628 629 630 631 632 633 634 635 636 637 638 639 640 641 642 643 644 645 646 651 652 653 654 655 656 657 658 659 660 661 663 664 668 673 674 675 676 677 678 679 680 681 682 683 684 685 686 687 706 707 708 709 710 711 712 713 714 715 716 717 718 719 720 721 722 723 724 725 726 727 728 729 730 731 732 733 734 735 736 737 738 739 740 741 742 743 744 745 746 747 748 749 750 751 752 753 754 755 756 757 758 759 760 762 764 776 787 788 789 790 791 792 793 794 795 796 797 798 799 800 801 802 803 804 805 806 807 808 809 810 811 812 813 814 815 816 818 819 820 826 827 828 829 830 832 833 834 837
6,1,77449.13308333333,81745.752,4296.618916666638,0 1 2 3 4 5 6 7 8 9 10 11 12 13 14 15 16 17 18 19 20 21 22 23 24 25 26 27 28 29 30 31 32 33 34 35 37 38 40 41 42 43 44 45 46 47 49 75 419 421 472 473 474 475 476 477 478 479 480 481 482 483 490 491 492 493 495 499 510 523 524 525 527 531 532 545 546 547 548 549 550 551 552 553 554 555 556 557 558 559 560 561 567 599 600 601 602 603 604 605 606 607 647 648 649 650
6,2,77449.13308333333,129820.20199999998,52371.06891666664,420 422 484 485 486 487 488 489 494 496 497 498 500 501 502 503 504 505 506 507 508 509 511 512 513 514 515 516 517 518 519 520 521 522 526 528 529 530 533 534 535 536 537 538 539 540 541 542 543 544 662 665 666 667 669 670 671 672 688 689 690 691 692 693 694 695 696 697 698 699 700 701 702 703 704 705 771 772 773 774 775 777 778 780 782 783 784 785 786 923 924 925 926 927 928 929 930 931 932 935 938 939 940 941 942 943 944 945 946 947 948 949 950 951 952 953 954 955 956 957 958 959 960 961 962 963 964 965 966 967 968 969 970 971 972 973 974 975 976 977 978 979 980 981 982 983 984 985 986 987 988 989 990 991 994 995 997 998 999
6,3,77449.13308333333,67745.746,0.0,52 53 54 55 56 57 58 59 60 61 62 63 64 65 66 67 68 69 70 71 72 73 74 76 77 78 79 80 81 82 83 84 85 86 87 88 89 90 91 92 93 94 95 96 97 98 99 100 101 102 103 104 105 106 107 108 109 110 111 112 113 114 115 116 117 118 119 120 121 122 123 124 125 126 127 128 129 130 131 132 133 134 135 136 137 139 158 159 218 219 220 221 222 223 224 225 562 563 564 565 566 568 569 570 571 572 573 574 575 577 580 584 585 622 817
6,4,77449.13308333333,129893.00700000001,52443.87391666668,138 140 150 151 152 153 155 156 157 160 161 162 163 164 165 166 167 168 169 170 171 172 173 174 175 176 177 178 179 180 181 182 183 184 185 186 187 188 189 190 191 192 193 194 195 196 197 198 199 200 201 202 203 204 205 206 207 208 209 210 211 212 213 214 215 216 217 309 310 311 312 313 314 315 316 317 318 319 320 321 322 323 324 325 326 327 328 329 330 331 332 333 334 335 336 337 338 339 340 341 342 343 344 345 346 347 348 349 350 351 352 353 354 355 356 357 358 359 360 361 362 363 364 365 366 367 368 370 371 372 373 374 379 382 410 579 765 766 821 822 823 824 825 831 835 836 838 839 840 841 842 843 844 845 846 847 849 850 851 852 853 854 855 856 858 859 860 861 862 863 864 865 866 867 868 869 870 871 873 874 875 878 1089 1090 1094 1095 1096 1099 1100 1101 1104 1105
6,5,77449.13308333333,63564.14799999999,0.0,141 142 143 144 145 146 147 148 149 226 227 228 229 230 231 232 233 234 235 236 237 238 239 240 241 242 243 244 245 246 247 248 249 250 251 252 253 254 255 256 257 258 259 260 261 262 263 264 265 266 267 268 269 270 271 272 273 274 275 276 277 278 279 280 281 282 283 284 285 286 287 288 289 290 291 292 293 294 295 296 297 298 299 300 301 302 303 304 305 306 307 308 380 381 383 384 385 386 387 388 389 390 391 392 393 394 395 396 397 398 399 400 401 402 403 404 405 407 411 412 413
6,6,55895.00800000041,36092.729,0.0,1203 1204 1205 1206 1208 1209 1210 1211 1212 1221 1264 1265 1266 1267 1311 1312 1335 1337 1338 1339 1340 1341 1342 1348 1349 1350 1351 1352 1353 1354 1355 1356 1357 1358 1359 1360 1361 1362 1363 1364 1365 1366 1367 1368 1369 1370 1371 1372 1373 1374 1375 1376 1377 1378 1379 1380 1381 1382 1383 1384 1385 1386 1387 1388 1389 1390 1391 1392 1393 1394 1395 1396 1397 1398 1399 1400 1401 1402 1403 1404 1405 1406 1407 1408 1409 1410 1411 1412 1413 1414 1415 1416 1417 1418
6,7,59202.27000000006,48384.017,0.0,36 39 48 50 51 414 415 416 417 418 456 1272 1273 1274 1275 1276 1277 1278 1279 1280 1281 1282 1283 1284 1285 1286 1287 1288 1289 1290 1291 1292 1293 1294 1295 1296 1297 1298 1299 1300 1301 1302 1303 1304 1305 1306 1307 1308 1309 1310 1313 1314 1315 1316 1317 1318 1319 1320 1321 1322 1323 1324 1325 1326 1327 1328 1329 1330 1331 1332 1334 1343 1344 1345 1346 1347
6,8,77449.13308333333,129606.09300000018,52156.95991666685,369 375 376 377 378 406 408 409 761 763 767 768 769 770 779 781 848 857 872 876 877 879 880 881 882 883 884 885 886 887 888 889 890 891 892 893 894 895 896 897 898 899 900 901 902 903 904 905 906 907 908 909 910 911 912 913 914 915 916 917 918 919 920 921 1000 1001 1002 1003 1004 1005 1007 1008 1009 1010 1012 1013 1014 1044 1045 1046 1047 1048 1049 1050 1051 1052 1053 1054 1055 1056 1057 1058 1059 1060 1061 1062 1063 1064 1065 1066 1069 1071 1072 1073 1074 1075 1076 1077 1078 1079 1080 1081 1082 1083 1084 1085 1086 1087 1088 1091 1092 1093 1097 1098 1102 1103 1106 1107 1108 1109 1110 1111 1112 1113 1114 1115 1116 1117 1118 1119 1120 1121 1122 1123 1124 1125 1126 1127 1128 1129 1130 1131 1132 1133 1134 1135 1136 1137 1138 1139 1140 1141 1142 1143 1144 1145 1146 1147 1148 1149 1150 1151 1152 1153 1154 1155 1156 1157 1158 1159 1160 1161 1162 1163 1164 1165 1166 1167 1169 1170 1172 1173 1174 1175
6,9,77449.13308333333,98462.399,21013.265916666634,423 424 425 426 427 428 429 430 431 432 433 434 435 436 437 438 439 440 441 442 443 444 445 446 447 448 449 450 451 452 453 454 455 457 458 459 460 461 462 463 464 465 466 467 468 469 470 471 922 933 934 936 937 992 993 996 1006 1011 1015 1016 1017 1018 1019 1020 1021 1022 1023 1024 1025 1026 1027 1028 1029 1030 1031 1032 1033 1034 1035 1036 1037 1038 1039 1040 1041 1042 1043 1067 1068 1070 1168 1171 1176 1177 1178 1179 1180 1181 1182 1183 1184 1185 1186 1187 1188 1189 1190 1191 1192 1193 1194 1195 1196 1197 1198 1199 1200 1201 1202 1207 1213 1214 1215 1216 1217 1218 1219 1220 1222 1223 1224 1225 1226 1227 1228 1229 1230 1231 1232 1233 1234 1235 1236 1237 1238 1239 1240 1241 1242 1243 1244 1245 1246 1247 1248 1249 1250 1251 1252 1253 1254 1255 1256 1257 1258 1259 1260 1261 1262 1263 1268 1269 1270 1271 1333 1336
7,0,0.0,129946.88699999996,52497.753916666625,154 576 578 581 582 583 586 587 588 589 590 591 592 593 594 595 596 597 598 608 610 611 612 613 614 615 616 617 618 619 620 621 623 624 625 626 627 628 629 630 631 632 633 634 635 636 637 638 639 640 641 642 643 644 645 646 652 653 655 656 657 658 659 660 661 663 664 668 673 674 675 676 677 678 679 680 681 682 683 684 685 686 687 706 707 708 709 710 711 712 713 714 715 716 717 718 719 720 721 722 723 724 725 726 727 728 729 730 731 732 733 734 735 736 737 738 739 740 741 742 743 744 745 746 747 748 749 750 751 752 753 754 755 756 757 758 759 760 762 764 776 787 788 789 790 791 792 793 794 795 796 797 798 799 800 801 802 803 804 805 806 808 809 810 811 812 813 814 815 818 819 820 826 827 828 829 830 832 833 834 837
7,1,77449.13308333333,88295.08899999999,10845.955916666637,0 1 2 3 4 5 6 7 8 9 10 11 12 13 14 15 16 17 18 19 20 21 22 23 24 25 26 27 28 29 30 31 32 33 34 35 37 38 40 41 42 43 44 45 46 47 49 75 419 421 472 473 474 475 476 477 478 479 480 481 482 483 486 490 491 492 493 494 495 499 510 523 524 525 527 528 529 530 531 532 545 546 547 548 549 550 551 552 553 554 555 556 557 558 559 560 561 567 599 600 601 602 603 604 605 606 607 609 647 648 649 650 651 654
7,2,77449.13308333333,129934.319,52485.18591666667,422 484 485 487 488 489 496 497 498 500 501 502 503 504 505 506 507 508 509 511 512 513 514 515 516 517 518 519 520 521 522 526 533 534 535 536 537 538 539 540 541 542 543 544 662 665 666 667 669 670 671 672 688 689 690 691 692 693 694 695 696 697 698 699 700 701 702 703 704 705 771 772 773 774 775 777 778 780 782 783 784 785 786 923 924 925 926 927 928 929 930 931 932 935 938 939 940 941 942 943 944 945 946 947 948 949 950 951 952 953 954 955 956 957 958 959 960 961 962 963 964 965 966 967 968 969 970 971 972 973 974 975 976 977 978 979 980 981 982 983 984 985 986 987 988 989 991 994 995 997 998
7,3,77449.13308333333,70526.94700000001,0.0,52 53 54 55 56 57 58 59 60 61 62 63 64 65 66 67 68 69 70 71 72 73 74 76 77 78 79 80 81 82 83 84 85 86 87 88 89 90 91 92 93 94 95 96 97 98 99 100 101 102 103 104 105 106 107 108 109 110 111 112 113 114 115 116 117 118 119 120 121 122 123 124 125 126 127 128 129 130 131 132 133 134 135 136 137 138 139 158 159 218 219 220 221 222 223 224 225 562 563 564 565 566 568 569 570 571 572 573 574 575 577 580 584 585 622 807 816 817
7,4,77449.13308333333,129910.78599999995,52461.652916666615,150 151 152 153 155 156 157 160 161 162 163 164 165 166 167 168 169 170 171 172 173 174 175 176 177 178 179 180 181 182 183 184 185 186 187 188 189 190 191 192 193 194 195 196 197 198 199 200 201 202 203 204 205 206 207 208 209 210 211 212 213 214 215 216 217 309 310 311 312 313 314 315 316 317 318 319 320 321 322 323 324 325 326 327 328 329 330 331 332 333 334 335 336 337 338 339 340 341 342 343 344 345 346 347 348 349 350 351 352 353 354 356 357 358 359 360 361 362 363 365 366 367 368 370 371 372 373 374 379 410 579 761 765 766 821 822 823 824 825 831 835 836 838 839 840 841 842 843 844 845 846 847 849 850 851 852 853 854 855 856 858 859 860 861 862 863 864 865 866 867 868 869 870 871 873 874 875 878 1089 1090 1094 1095 1096 1099 1100 1101 1104 1105
7,5,77449.13308333333,71522.21800000001,0.0,140 141 142 143 144 145 146 147 148 149 226 227 228 229 230 231 232 233 234 235 236 237 238 239 240 241 242 243 244 245 246 247 248 249 250 251 252 253 254 255 256 257 258 259 260 261 262 263 264 265 266 267 268 269 270 271 272 273 274 275 276 277 278 279 280 281 282 283 284 285 286 287 288 289 290 291 292 293 294 295 296 297 298 299 300 301 302 303 304 305 306 307 308 355 364 380 381 382 383 384 385 386 387 388 389 390 391 392 393 394 395 396 397 398 399 400 401 402 403 404 405 407 411 412 413
7,6,66942.61800000048,38766.406,0.0,459 1203 1204 1205 1206 1207 1208 1209 1210 1211 1212 1217 1221 1264 1265 1266 1267 1311 1312 1335 1337 1338 1339 1340 1341 1342 1348 1349 1350 1351 1352 1353 1354 1355 1356 1357 1358 1359 1360 1361 1362 1363 1364 1365 1366 1367 1368 1369 1370 1371 1372 1373 1374 1375 1376 1377 1378 1379 1380 1381 1382 1383 1384 1385 1386 1387 1388 1389 1390 1391 1392 1393 1394 1395 1396 1397 1398 1399 1400 1401 1402 1403 1404 1405 1406 1407 1408 1409 1410 1411 1412 1413 1414 1415 1416 1417 1418
7,7,65653.2410000001,52878.46199999999,0.0,36 39 48 50 51 414 415 416 417 418 420 424 456 457 1272 1273 1274 1275 1276 1277 1278 1279 1280 1281 1282 1283 1284 1285 1286 1287 1288 1289 1290 1291 1292 1293 1294 1295 1296 1297 1298 1299 1300 1301 1302 1303 1304 1305 1306 1307 1308 1309 1310 1313 1314 1315 1316 1317 1318 1319 1320 1321 1322 1323 1324 1325 1326 1327 1328 1329 1330 1331 1332 1334 1343 1344 1345 1346 1347
7,8,25046.10316666671,129852.16299999996,0.0,369 375 376 377 378 406 408 409 763 767 768 769 770 779 781 848 857 872 876 877 879 880 881 882 883 884 885 886 887 888 889 890 891 892 893 894 895 896 897 898 899 900 901 902 903 904 905 906 907 908 909 910 911 912 913 914 915 916 917 918 919 920 921 1000 1001 1002 1003 1004 1007 1008 1009 1010 1012 1044 1045 1046 1047 1048 1049 1050 1051 1052 1053 1054 1055 1056 1057 1058 1059 1060 1061 1062 1063 1064 1065 1066 1071 1072 1073 1074 1075 1076 1077 1078 1079 1080 1081 1082 1083 1084 1085 1086 1087 1088 1091 1092 1093 1097 1098 1102 1103 1106 1107 1108 1109 1110 1111 1112 1113 1114 1115 1116 1117 1118 1119 1120 1121 1122 1123 1124 1125 1126 1127 1128 1129 1130 1131 1132 1133 1134 1135 1136 1137 1138 1139 1140 1141 1142 1143 1144 1145 1146 1147 1148 1149 1150 1151 1152 1153 1154 1155 1156 1157 1158 1159 1160 1161 1162 1163 1164 1165 1166 1167 1169 1170 1172 1173 1174 1175
7,9,77449.13308333333,105247.57400000007,27798.440916666703,423 425 426 427 428 429 430 431 432 433 434 435 436 437 438 439 440 441 442 443 444 445 446 447 448 449 450 451 452 453 454 455 458 460 461 462 463 464 465 466 467 468 469 470 471 922 933 934 936 937 990 992 993 996 999 1005 1006 1011 1013 1014 1015 1016 1017 1018 1019 1020 1021 1022 1023 1024 1025 1026 1027 1028 1029 1030 1031 1032 1033 1034 1035 1036 1037 1038 1039 1040 1041 1042 1043 1067 1068 1069 1070 1168 1171 1176 1177 1178 1179 1180 1181 1182 1183 1184 1185 1186 1187 1188 1189 1190 1191 1192 1193 1194 1195 1196 1197 1198 1199 1200 1201 1202 1213 1214 1215 1216 1218 1219 1220 1222 1223 1224 1225 1226 1227 1228 1229 1230 1231 1232 1233 1234 1235 1236 1237 1238 1239 1240 1241 1242 1243 1244 1245 1246 1247 1248 1249 1250 1251 1252 1253 1254 1255 1256 1257 1258 1259 1260 1261 1262 1263 1268 1269 1270 1271 1333 1336
8,0,0.0,129649.22599999997,52200.09291666663,154 576 578 581 582 583 586 587 588 589 590 591 592 593 595 597 598 608 610 611 612 613 615 616 617 618 619 620 621 623 624 625 626 627 628 629 630 631 632 633 634 635 636 637 639 640 641 642 643 644 645 646 652 653 655 656 657 658 659 660 661 663 664 668 673 674 675 676 677 678 679 680 681 682 683 684 685 686 687 706 707 708 709 710 711 712 713 714 715 716 717 718 719 720 721 722 723 724 725 726 727 728 729 730 731 732 733 734 735 736 737 738 739 740 741 742 743 744 745 746 747 748 749 750 751 752 753 754 755 756 757 758 760 762 764 776 787 788 789 790 791 792 793 794 795 796 797 798 799 800 801 802 803 804 805 808 809 810 811 814 815 818 820 826 827 829 830 832 833 834 837
8,1,77449.13308333333,94959.09800000003,17509.964916666686,0 1 2 3 4 5 6 7 8 9 10 11 12 13 14 15 16 17 18 19 20 21 22 23 24 25 26 27 28 29 30 31 32 33 34 35 37 38 40 41 42 43 44 45 46 47 49 75 419 421 472 473 474 475 476 477 478 479 480 481 482 483 486 490 491 492 493 494 495 496 499 510 511 518 523 524 525 526 527 528 529 530 531 532 545 546 547 548 549 550 551 552 553 554 555 556 557 558 559 560 561 567 599 600 601 602 603 604 605 606 607 609 647 648 649 650 651 654
8,2,52514.20491666667,129688.56699999991,27304.50574999991,422 484 485 487 488 489 497 498 500 501 502 503 504 505 506 507 508 509 512 513 514 515 516 517 519 520 521 522 533 534 535 536 537 538 539 540 541 542 543 544 662 665 666 667 669 670 671 672 688 689 690 691 692 693 694 695 696 697 698 699 700 701 702 703 704 771 772 773 774 775 777 778 780 782 783 784 785 786 923 924 926 927 928 929 930 931 932 935 938 939 940 941 942 943 944 945 946 947 948 949 950 951 952 953 954 955 956 957 958 959 960 961 962 963 964 965 966 967 968 969 970 971 972 973 974 975 976 977 978 979 980 981 982 983 984 985 986 987 988 989 991 994 995 997 998
8,3,77449.13308333333,80524.49600000003,3075.3629166666797,52 53 54 55 56 57 58 59 60 61 62 63 64 65 66 67 68 69 70 71 72 73 74 76 77 78 79 80 81 82 83 84 85 86 87 88 89 90 91 92 93 94 95 96 97 98 99 100 101 102 103 104 105 106 107 108 109 110 111 112 113 114 115 116 117 118 119 120 121 122 123 124 125 126 127 128 129 130 131 132 133 134 135 136 137 138 139 158 159 166 170 171 218 219 220 221 222 223 224 225 562 563 564 565 566 568 569 570 571 572 573 574 575 577 580 584 585 594 596 614 622 638 759 806 807 812 813 816 817 819 828
8,4,52459.69891666669,129917.79099999997,27479.22374999999,152 155 156 157 160 161 162 163 164 165 167 168 169 172 173 174 175 176 177 178 179 180 181 182 183 185 186 187 188 189 190 191 192 193 194 195 196 197 198 199 200 201 202 203 204 205 206 207 208 209 210 211 212 213 214 215 216 217 309 310 311 312 313 314 315 316 317 318 319 320 321 322 323 324 325 326 327 328 329 330 331 332 333 334 335 336 337 338 339 340 341 342 343 344 345 346 347 348 350 351 352 353 356 357 359 362 366 367 368 370 371 373 374 376 379 579 761 765 766 821 822 823 824 825 831 835 836 838 839 840 841 842 843 844 845 846 847 849 850 851 852 853 854 855 856 858 859 860 861 862 863 864 865 866 867 868 869 870 871 873 874 875 878 1089 1090 1094 1095 1096 1099 1100 1101 1104 1105
8,5,77449.13308333333,82340.93799999997,4891.804916666622,140 141 142 143 144 145 146 147 148 149 150 151 153 184 226 227 228 229 230 231 232 233 234 235 236 237 238 239 240 241 242 243 244 245 246 247 248 249 250 251 252 253 254 255 256 257 258 259 260 261 262 263 264 265 266 267 268 269 270 271 272 273 274 275 276 277 278 279 280 281 282 283 284 285 286 287 288 289 290 291 292 293 294 295 296 297 298 299 300 301 302 303 304 305 306 307 308 349 354 355 358 360 361 363 364 365 372 375 380 381 382 383 384 385 386 387 388 389 390 391 392 393 394 395 396 397 398 399 400 401 402 403 404 405 407 408 410 411 412 413
8,6,77449.13308333333,44511.31000000001,0.0,459 468 1176 1203 1204 1205 1206 1207 1208 1209 1210 1211 1212 1215 1217 1218 1220 1221 1264 1265 1266 1267 1311 1312 1335 1337 1338 1339 1340 1341 1342 1348 1349 1350 1351 1352 1353 1354 1355 1356 1357 1358 1359 1360 1361 1362 1363 1364 1365 1366 1367 1368 1369 1370 1371 1372 1373 1374 1375 1376 1377 1378 1379 1380 1381 1382 1383 1384 1385 1386 1387 1388 1389 1390 1391 1392 1393 1394 1395 1396 1397 1398 1399 1400 1401 1402 1403 1404 1405 1406 1407 1408 1409 1410 1411 1412 1413 1414 1415 1416 1417 1418
8,7,77449.13308333333,55687.829999999994,0.0,36 39 48 50 51 414 415 416 417 418 420 424 456 457 1272 1273 1274 1275 1276 1277 1278 1279 1280 1281 1282 1283 1284 1285 1286 1287 1288 1289 1290 1291 1292 1293 1294 1295 1296 1297 1298 1299 1300 1301 1302 1303 1304 1305 1306 1307 1308 1309 1310 1313 1314 1315 1316 1317 1318 1319 1320 1321 1322 1323 1324 1325 1326 1327 1328 1329 1330 1331 1332 1334 1343 1344 1345 1346 1347
8,8,0.0,129769.86800000007,27274.63175000003,369 377 378 406 409 763 767 768 769 770 779 781 848 857 872 876 877 879 880 881 882 883 884 885 886 887 888 889 890 891 892 893 894 895 896 897 898 899 900 901 902 903 904 905 906 907 908 909 910 911 912 913 914 915 916 917 918 919 920 921 1000 1001 1002 1003 1004 1007 1008 1009 1010 1012 1044 1045 1046 1047 1048 1049 1050 1051 1052 1053 1054 1055 1056 1057 1058 1059 1060 1061 1062 1063 1064 1065 1066 1071 1072 1073 1074 1075 1076 1077 1078 1079 1080 1081 1082 1083 1084 1085 1086 1087 1088 1091 1092 1093 1097 1098 1102 1103 1106 1107 1108 1109 1110 1111 1112 1113 1114 1115 1116 1117 1118 1119 1120 1121 1122 1123 1124 1125 1126 1127 1128 1129 1130 1131 1132 1133 1134 1135 1136 1137 1138 1139 1140 1141 1142 1143 1144 1145 1146 1147 1148 1149 1150 1151 1152 1153 1154 1155 1156 1157 1158 1159 1160 1161 1162 1163 1164 1165 1166 1167 1169 1170 1172 1173 1174 1175
8,9,77449.13308333333,112737.44100000008,35288.307916666694,423 425 426 427 428 429 430 431 432 433 434 435 436 437 438 439 440 441 442 443 444 445 446 447 448 449 450 451 452 453 454 455 458 460 461 462 463 464 465 466 467 469 470 471 705 922 925 933 934 936 937 990 992 993 996 999 1005 1006 1011 1013 1014 1015 1016 1017 1018 1019 1020 1021 1022 1023 1024 1025 1026 1027 1028 1029 1030 1031 1032 1033 1034 1035 1036 1037 1038 1039 1040 1041 1042 1043 1067 1068 1069 1070 1168 1171 1177 1178 1179 1180 1181 1182 1183 1184 1185 1186 1187 1188 1189 1190 1191 1192 1193 1194 1195 1196 1197 1198 1199 1200 1201 1202 1213 1214 1216 1219 1222 1223 1224 1225 1226 1227 1228 1229 1230 1231 1232 1233 1234 1235 1236 1237 1238 1239 1240 1241 1242 1243 1244 1245 1246 1247 1248 1249 1250 1251 1252 1253 1254 1255 1256 1257 1258 1259 1260 1261 1262 1263 1268 1269 1270 1271 1333 1336
9,0,0.0,129986.758,52537.62491666667,154 576 578 583 587 588 589 591 592 595 598 608 610 611 612 613 615 616 617 618 619 620 621 623 624 625 626 627 628 629 630 632 633 636 637 639 640 641 642 643 644 646 653 655 656 657 658 659 660 661 663 664 668 673 674 675 676 677 678 679 680 681 683 684 685 686 687 706 707 708 709 710 711 712 713 714 715 716 717 719 720 721 722 723 724 725 726 727 728 729 730 731 732 733 734 735 736 737 738 739 740 741 742 743 745 746 747 748 749 750 751 752 753 754 755 756 757 758 760 762 764 787 788 789 790 791 792 793 794 795 796 797 799 800 803 804 805 808 809 810 811 815 818 826 827 830 832 834
9,1,77449.13308333333,116918.1559999999,39469.02291666655,0 1 2 3 4 5 6 7 8 9 10 11 12 13 14 15 16 17 18 19 20 21 22 23 24 25 26 27 28 29 30 31 32 33 34 35 37 38 40 41 42 43 44 45 46 47 49 75 419 421 472 473 474 475 476 477 478 479 480 481 482 483 486 487 488 489 490 491 492 493 494 495 496 499 500 508 510 511 518 520 521 523 524 525 526 527 528 529 530 531 532 533 534 536 545 546 547 548 549 550 551 552 553 554 555 556 557 558 559 560 561 567 599 600 601 602 603 604 605 606 607 609 647 648 649 650 651 654 667 693
9,2,0.0,129963.338,0.0,484 485 497 498 501 502 503 504 505 506 507 509 512 513 514 515 516 517 519 522 535 537 538 539 540 541 542 543 544 662 665 666 669 670 671 672 688 689 690 691 692 694 695 696 697 698 699 700 701 702 703 704 771 772 773 774 775 777 778 780 782 783 785 786 923 924 926 927 928 929 930 931 932 935 938 939 940 941 942 943 944 945 946 947 948 949 950 951 952 953 954 955 956 957 958 959 960 961 962 963 964 965 966 967 968 969 970 971 972 973 974 975 976 977 978 979 980 981 983 984 985 986 987 988 989 991 997
9,3,77449.13308333333,111147.117,33697.98391666664,52 53 54 55 56 57 58 59 60 61 62 63 64 65 66 67 68 69 70 71 72 73 74 76 77 78 79 80 81 82 83 84 85 86 87 88 89 90 91 92 93 94 95 96 97 98 99 100 101 102 103 104 105 106 107 108 109 110 111 112 113 114 115 116 117 118 119 120 121 122 123 124 125 126 127 128 129 130 131 132 133 134 135 136 137 138 139 158 159 166 170 171 218 219 220 221 222 223 224 225 562 563 564 565 566 568 569 570 571 572 573 574 575 577 579 580 581 582 584 585 586 590 593 594 596 597 614 622 631 634 635 638 645 652 682 718 744 759 776 798 801 802 806 807 812 813 814 816 817 819 820 828 829 833 836 837
9,4,0.0,129908.83200000002,0.0,155 156 157 160 161 162 163 164 165 167 168 169 172 173 174 175 176 177 178 179 180 181 185 188 189 190 191 192 193 194 195 196 197 198 199 200 201 203 204 205 206 207 208 209 210 211 212 213 214 215 216 217 309 310 311 312 313 314 315 316 317 318 320 321 324 325 326 327 328 329 330 331 332 333 334 335 336 337 338 342 343 344 345 346 347 350 362 366 367 368 369 371 373 374 376 761 763 765 766 821 822 823 824 825 831 835 838 839 840 841 842 843 844 845 846 847 849 850 851 852 853 854 855 856 857 858 859 860 861 862 863 864 865 866 867 868 869 870 871 873 874 875 877 878 879 904 905 1089 1090 1094 1095 1096 1099 1100 1101 1104 1105
9,5,52203.20991666672,110332.11800000005,7637.061750000095,140 141 142 143 144 145 146 147 148 149 150 151 152 153 182 183 184 186 187 202 226 227 228 229 230 231 232 233 234 235 236 237 238 239 240 241 242 243 244 245 246 247 248 249 250 251 252 253 254 255 256 257 258 259 260 261 262 263 264 265 266 267 268 269 270 271 272 273 274 275 276 277 278 279 280 281 282 283 284 285 286 287 288 289 290 291 292 293 294 295 296 297 298 299 300 301 302 303 304 305 306 307 308 319 322 323 339 340 341 348 349 351 352 353 354 355 356 357 358 359 360 361 363 364 365 370 372 375 379 380 381 382 383 384 385 386 387 388 389 390 391 392 393 394 395 396 397 398 399 400 401 402 403 404 405 406 407 408 410 411 412 413 1128
9,6,77449.13308333333,65138.08599999999,0.0,428 429 452 459 461 468 470 471 1047 1168 1176 1179 1197 1203 1204 1205 1206 1207 1208 1209 1210 1211 1212 1215 1216 1217 1218 1219 1220 1221 1257 1258 1263 1264 1265 1266 1267 1269 1270 1271 1311 1312 1333 1335 1336 1337 1338 1339 1340 1341 1342 1348 1349 1350 1351 1352 1353 1354 1355 1356 1357 1358 1359 1360 1361 1362 1363 1364 1365 1366 1367 1368 1369 1370 1371 1372 1373 1374 1375 1376 1377 1378 1379 1380 1381 1382 1383 1384 1385 1386 1387 1388 1389 1390 1391 1392 1393 1394 1395 1396 1397 1398 1399 1400 1401 1402 1403 1404 1405 1406 1407 1408 1409 1410 1411 1412 1413 1414 1415 1416 1417 1418
9,7,77325.06916666655,60736.21100000001,0.0,36 39 48 50 51 414 415 416 417 418 420 422 424 456 457 1272 1273 1274 1275 1276 1277 1278 1279 1280 1281 1282 1283 1284 1285 1286 1287 1288 1289 1290 1291 1292 1293 1294 1295 1296 1297 1298 1299 1300 1301 1302 1303 1304 1305 1306 1307 1308 1309 1310 1313 1314 1315 1316 1317 1318 1319 1320 1321 1322 1323 1324 1325 1326 1327 1328 1329 1330 1331 1332 1334 1343 1344 1345 1346 1347
9,8,0.0,129982.07899999998,52532.94591666665,377 378 409 767 768 769 770 779 781 848 872 876 880 881 882 883 884 885 886 887 888 889 890 891 892 893 894 895 896 897 898 899 900 901 902 903 906 907 908 909 910 911 912 913 914 915 916 917 918 919 920 921 1000 1002 1008 1009 1010 1045 1046 1048 1049 1050 1051 1052 1053 1054 1055 1056 1057 1058 1059 1060 1061 1062 1063 1064 1065 1066 1071 1072 1073 1074 1075 1076 1077 1078 1079 1080 1081 1082 1083 1084 1085 1086 1087 1088 1091 1092 1093 1097 1098 1102 1103 1106 1107 1108 1109 1110 1111 1112 1113 1114 1115 1116 1117 1118 1119 1120 1121 1122 1123 1124 1125 1126 1127 1129 1130 1131 1132 1133 1134 1135 1136 1137 1138 1139 1140 1141 1142 1143 1144 1145 1146 1147 1148 1149 1150 1151 1152 1153 1154 1155 1156 1157 1158 1159 1160 1161 1162 1163 1164 1165 1166 1167 1170 1172 1173 1174 1175
9,9,24973.71616666668,129924.54999999999,0.0,423 425 426 427 430 431 432 433 434 435 436 437 438 439 440 441 442 443 444 445 446 447 448 449 450 451 453 454 455 458 460 462 463 464 465 466 467 469 705 784 922 925 933 934 936 937 982 990 992 993 994 995 996 998 999 1001 1003 1004 1005 1006 1007 1011 1012 1013 1014 1015 1016 1017 1018 1019 1020 1021 1022 1023 1024 1025 1026 1027 1028 1029 1030 1031 1032 1033 1034 1035 1036 1037 1038 1039 1040 1041 1042 1043 1044 1067 1068 1069 1070 1169 1171 1177 1178 1180 1181 1182 1183 1184 1185 1186 1187 1188 1189 1190 1191 1192 1193 1194 1195 1196 1198 1199 1200 1201 1202 1213 1214 1222 1223 1224 1225 1226 1227 1228 1229 1230 1231 1232 1233 1234 1235 1236 1237 1238 1239 1240 1241 1242 1243 1244 1245 1246 1247 1248 1249 1250 1251 1252 1253 1254 1255 1256 1259 1260 1261 1262 1268
10,0,0.0,129958.10300000003,52508.9699166667,576 578 583 588 589 591 592 595 598 608 610 611 612 615 616 617 618 619 620 621 623 624 625 626 627 628 629 630 632 633 636 637 639 640 641 642 643 644 646 653 655 656 658 659 660 661 663 664 668 673 674 675 676 677 678 679 680 681 683 684 685 686 687 706 707 708 709 710 711 712 713 714 715 716 717 719 720 721 722 723 724 725 726 727 728 729 730 731 732 733 734 735 736 737 738 739 740 741 742 743 746 747 748 749 750 751 752 753 754 755 756 757 758 760 762 764 787 788 789 790 791 792 793 794 795 796 797 799 800 803 804 805 808 809 810 811 818 826 827 830 832 834
10,1,25024.093166666556,129874.17300000011,0.0,0 1 2 3 4 5 6 7 8 9 10 11 12 13 14 15 16 17 18 19 20 21 22 23 24 25 26 27 28 29 30 31 32 33 34 35 37 38 40 41 42 43 44 45 46 47 49 75 419 421 472 473 474 475 476 477 478 479 480 481 482 483 484 486 487 488 489 490 491 492 493 494 495 496 499 500 508 510 511 518 520 521 523 524 525 526 527 528 529 530 531 532 533 534 536 545 546 547 548 549 550 551 552 553 554 555 556 557 558 559 560 561 567 599 600 601 602 603 604 605 606 607 609 647 648 649 650 651 654 667 693
10,2,0.0,129993.52400000005,52544.390916666714,485 497 498 501 502 503 504 505 506 507 509 512 513 514 515 516 517 519 522 535 537 538 539 540 541 542 544 662 665 666 669 670 671 672 688 689 691 692 694 695 696 697 698 699 700 701 702 703 704 771 772 773 774 775 777 778 780 782 783 785 786 923 924 926 927 928 929 930 931 932 935 938 939 940 941 942 943 944 945 946 947 948 949 950 951 952 953 954 955 956 957 958 959 960 961 962 963 964 965 966 967 968 969 970 971 972 973 974 975 976 977 978 979 980 981 983 985 986 987 988 989 997
10,3,25020.279166666704,129877.98699999996,0.0,52 53 54 55 56 57 58 59 60 61 62 63 64 65 66 67 68 69 70 71 72 73 74 76 77 78 79 80 81 82 83 84 85 86 87 88 89 90 91 92 93 94 95 96 97 98 99 100 101 102 103 104 105 106 107 108 109 110 111 112 113 114 115 116 117 118 119 120 121 122 123 124 125 126 127 128 129 130 131 132 133 134 135 136 137 138 139 154 158 159 166 170 171 218 219 220 221 222 223 224 225 562 563 564 565 566 568 569 570 571 572 573 574 575 577 579 580 581 582 584 585 586 587 590 593 594 596 597 613 614 622 631 634 635 638 645 652 682 718 744 745 759 776 798 801 802 806 807 812 813 814 815 816 817 819 820 828 829 833 836 837
10,4,0.0,129865.11100000002,52415.977916666685,155 156 157 160 161 162 163 164 165 167 168 169 172 174 175 176 177 178 179 180 181 185 188 189 190 191 192 193 194 195 196 197 198 199 200 201 203 204 205 206 207 208 209 210 211 212 213 214 215 216 217 309 310 311 312 313 314 315 316 317 318 320 321 324 325 326 327 328 329 330 331 332 333 334 335 336 337 338 346 347 350 366 367 368 369 371 373 374 376 761 763 765 766 821 822 823 824 825 831 835 838 839 840 841 842 843 844 845 846 847 849 850 851 852 853 854 855 856 857 858 859 860 861 862 863 864 865 866 867 868 869 870 871 873 874 875 877 878 879 904 905 1089 1090 1094 1095 1096 1099 1100 1101 1104 1105
10,5,0.0,129652.34300000005,0.0,140 141 142 143 144 145 146 147 148 149 150 151 152 153 173 182 183 184 186 187 202 226 227 228 229 230 231 232 233 234 235 236 237 238 239 240 241 242 243 244 245 246 247 248 249 250 251 252 253 254 255 256 257 258 259 260 261 262 263 264 265 266 267 268 269 270 271 272 273 274 275 276 277 278 279 280 281 282 283 284 285 286 287 288 289 290 291 292 293 294 295 296 297 298 299 300 301 302 303 304 305 306 307 308 319 322 323 339 340 341 342 343 344 345 348 349 351 352 353 354 355 356 357 358 359 360 361 362 363 364 365 370 372 375 379 380 381 382 383 384 385 386 387 388 389 390 391 392 393 394 395 396 397 398 399 400 401 402 403 404 405 406 407 408 410 411 412 413 657 1128
10,6,52550.866916666666,92969.67,0.0,425 428 429 452 458 459 460 461 462 463 464 467 468 469 470 471 1047 1168 1176 1177 1178 1179 1189 1192 1193 1195 1196 1197 1199 1201 1202 1203 1204 1205 1206 1207 1208 1209 1210 1211 1212 1213 1214 1215 1216 1217 1218 1219 1220 1221 1256 1257 1258 1259 1260 1263 1264 1265 1266 1267 1268 1269 1270 1271 1311 1312 1333 1335 1336 1337 1338 1339 1340 1341 1342 1348 1349 1350 1351 1352 1353 1354 1355 1356 1357 1358 1359 1360 1361 1362 1363 1364 1365 1366 1367 1368 1369 1370 1371 1372 1373 1374 1375 1376 1377 1378 1379 1380 1381 1382 1383 1384 1385 1386 1387 1388 1389 1390 1391 1392 1393 1394 1395 1396 1397 1398 1399 1400 1401 1402 1403 1404 1405 1406 1407 1408 1409 1410 1411 1412 1413 1414 1415 1416 1417 1418
10,7,10996.315916666957,75614.00499999998,0.0,36 39 48 50 51 414 415 416 417 418 420 422 424 456 457 543 1272 1273 1274 1275 1276 1277 1278 1279 1280 1281 1282 1283 1284 1285 1286 1287 1288 1289 1290 1291 1292 1293 1294 1295 1296 1297 1298 1299 1300 1301 1302 1303 1304 1305 1306 1307 1308 1309 1310 1313 1314 1315 1316 1317 1318 1319 1320 1321 1322 1323 1324 1325 1326 1327 1328 1329 1330 1331 1332 1334 1343 1344 1345 1346 1347
10,8,0.0,129892.55599999992,52443.42291666659,377 378 409 767 768 769 770 779 781 848 872 876 880 881 882 883 884 885 886 887 888 889 890 891 892 893 894 895 896 897 898 899 900 901 902 903 906 907 908 909 910 911 912 913 914 915 916 917 918 919 920 921 1000 1002 1008 1009 1010 1045 1046 1048 1049 1050 1051 1052 1053 1054 1055 1056 1057 1058 1059 1060 1061 1062 1063 1064 1065 1066 1071 1072 1073 1074 1075 1076 1077 1078 1079 1080 1081 1082 1083 1084 1085 1086 1087 1088 1091 1092 1093 1097 1098 1102 1103 1106 1107 1108 1109 1110 1111 1112 1113 1114 1115 1116 1117 1118 1119 1120 1121 1122 1123 1124 1125 1126 1127 1129 1130 1131 1132 1133 1134 1135 1136 1137 1138 1139 1140 1141 1142 1143 1144 1145 1146 1147 1148 1149 1150 1151 1152 1153 1154 1155 1156 1157 1158 1159 1160 1161 1162 1163 1164 1165 1166 1167 1170 1172 1173 1174 1175
10,9,0.0,129984.84100000013,27561.991750000117,423 426 427 430 431 432 433 434 435 436 437 438 439 440 441 442 443 444 445 446 447 448 449 450 451 453 454 455 465 466 690 705 784 922 925 933 934 936 937 982 984 990 991 992 993 994 995 996 998 999 1001 1003 1004 1005 1006 1007 1011 1012 1013 1014 1015 1016 1017 1018 1019 1020 1021 1022 1023 1024 1025 1026 1027 1028 1029 1030 1031 1032 1033 1034 1035 1036 1037 1038 1039 1040 1041 1042 1043 1044 1067 1068 1069 1070 1169 1171 1180 1181 1182 1183 1184 1185 1186 1187 1188 1190 1191 1194 1198 1200 1222 1223 1224 1225 1226 1227 1228 1229 1230 1231 1232 1233 1234 1235 1236 1237 1238 1239 1240 1241 1242 1243 1244 1245 1246 1247 1248 1249 1250 1251 1252 1253 1254 1255 1261 1262
11,0,0.0,129807.09500000003,52357.961916666696,576 578 583 588 589 591 592 595 598 608 610 611 612 615 616 617 618 619 620 621 623 624 625 626 627 628 629 630 632 633 636 637 639 640 641 642 643 644 646 653 655 656 658 659 660 661 663 664 668 673 674 675 676 677 678 679 680 681 683 684 685 686 687 706 707 708 709 710 711 712 713 714 715 716 717 719 720 721 722 723 724 725 726 727 728 729 730 731 732 733 734 735 736 737 738 739 740 741 742 743 746 747 748 749 750 751 752 753 754 755 756 757 758 760 762 764 787 788 789 790 791 792 793 794 795 796 797 799 800 803 804 805 808 809 810 811 818 826 827 830 832 834
11,1,0.0,115456.61700000001,12983.390750000122,0 1 2 3 4 5 6 7 8 9 10 11 12 13 14 15 16 17 18 19 20 21 22 23 24 25 26 27 28 29 30 31 32 33 34 35 37 38 40 41 42 43 44 45 46 47 49 75 419 421 472 473 474 475 476 477 478 479 480 481 482 483 484 486 487 488 489 490 491 492 493 494 495 496 499 500 508 510 511 518 520 521 523 524 525 526 527 528 529 530 531 532 533 534 536 545 546 547 548 549 550 551 552 553 554 555 556 557 558 559 560 561 567 599 600 601 602 603 604 605 606 607 609 647 648 649 650 651 654 667 693
11,2,0.0,128934.38699999999,51485.253916666654,485 497 498 501 502 503 504 505 506 507 509 512 513 514 515 516 517 519 522 535 537 538 539 540 541 542 544 662 665 666 669 670 671 672 688 689 691 692 694 695 696 697 698 699 700 701 702 703 704 771 772 773 774 775 777 778 780 782 783 785 786 923 924 926 927 928 929 930 931 932 935 938 939 940 941 942 943 944 945 946 947 948 949 950 951 952 953 954 955 956 957 958 959 960 961 962 963 964 965 966 967 968 969 970 971 972 973 974 975 976 977 978 979 980 981 983 985 986 987 988 989 997
11,3,0.0,103697.56499999997,1228.1527499999304,52 53 54 55 56 57 58 59 60 61 62 63 64 65 66 67 68 69 70 71 72 73 74 76 77 78 79 80 81 82 83 84 85 86 87 88 89 90 91 92 93 94 95 96 97 98 99 100 101 102 103 104 105 106 107 108 109 110 111 112 113 114 115 116 117 118 119 120 121 122 123 124 125 126 127 128 129 130 131 132 133 134 135 136 137 138 139 154 158 159 166 170 171 218 219 220 221 222 223 224 225 562 563 564 565 566 568 569 570 571 572 573 574 575 577 579 580 581 582 584 585 586 587 590 593 594 596 597 613 614 622 631 634 635 638 645 652 657 682 718 744 745 759 776 798 801 802 806 807 812 813 814 815 816 817 819 820 828 829 833 836 837
11,4,0.0,120547.14899999996,43098.01591666662,155 156 157 160 161 162 163 164 165 167 168 169 172 174 175 176 177 178 179 180 181 185 188 189 190 191 192 193 194 195 196 197 198 199 200 201 203 204 205 206 207 208 209 210 211 212 213 214 215 216 217 309 310 311 312 313 314 315 316 317 318 320 321 324 325 326 327 328 329 330 331 332 333 334 335 336 337 338 346 347 350 366 367 368 369 371 373 374 376 761 763 765 766 821 822 823 824 825 831 835 838 839 840 841 842 843 844 845 846 847 849 850 851 852 853 854 855 856 857 858 859 860 861 862 863 864 865 866 867 868 869 870 871 873 874 875 877 878 879 904 905 1089 1090 1094 1095 1096 1099 1100 1101 1104 1105
11,5,0.0,102013.22999999997,24564.096916666622,140 141 142 143 144 145 146 147 148 149 150 151 152 153 173 182 183 184 186 187 202 226 227 228 229 230 231 232 233 234 235 236 237 238 239 240 241 242 243 244 245 246 247 248 249 250 251 252 253 254 255 256 257 258 259 260 261 262 263 264 265 266 267 268 269 270 271 272 273 274 275 276 277 278 279 280 281 282 283 284 285 286 287 288 289 290 291 292 293 294 295 296 297 298 299 300 301 302 303 304 305 306 307 308 319 322 323 339 340 341 342 343 344 345 348 349 351 352 353 354 355 356 357 358 359 360 361 362 363 364 365 370 372 375 379 380 381 382 383 384 385 386 387 388 389 390 391 392 393 394 395 396 397 398 399 400 401 402 403 404 405 406 407 408 410 411 412 413 1128
11,6,0.0,78599.4310000001,0.0,425 428 429 452 458 459 460 461 462 463 464 467 468 469 470 471 1047 1168 1176 1177 1178 1179 1189 1192 1193 1195 1196 1197 1199 1201 1202 1203 1204 1205 1206 1207 1208 1209 1210 1211 1212 1213 1214 1215 1216 1217 1218 1219 1220 1221 1256 1257 1258 1259 1260 1263 1264 1265 1266 1267 1268 1269 1270 1271 1311 1312 1333 1335 1336 1337 1338 1339 1340 1341 1342 1348 1349 1350 1351 1352 1353 1354 1355 1356 1357 1358 1359 1360 1361 1362 1363 1364 1365 1366 1367 1368 1369 1370 1371 1372 1373 1374 1375 1376 1377 1378 1379 1380 1381 1382 1383 1384 1385 1386 1387 1388 1389 1390 1391 1392 1393 1394 1395 1396 1397 1398 1399 1400 1401 1402 1403 1404 1405 1406 1407 1408 1409 1410 1411 1412 1413 1414 1415 1416 1417 1418
11,7,0.0,60243.06600000001,0.0,36 39 48 50 51 414 415 416 417 418 420 422 424 456 457 543 1272 1273 1274 1275 1276 1277 1278 1279 1280 1281 1282 1283 1284 1285 1286 1287 1288 1289 1290 1291 1292 1293 1294 1295 1296 1297 1298 1299 1300 1301 1302 1303 1304 1305 1306 1307 1308 1309 1310 1313 1314 1315 1316 1317 1318 1319 1320 1321 1322 1323 1324 1325 1326 1327 1328 1329 1330 1331 1332 1334 1343 1344 1345 1346 1347
11,8,0.0,119572.07899999995,42122.94591666662,377 378 409 767 768 769 770 779 781 848 872 876 880 881 882 883 884 885 886 887 888 889 890 891 892 893 894 895 896 897 898 899 900 901 902 903 906 907 908 909 910 911 912 913 914 915 916 917 918 919 920 921 1000 1002 1008 1009 1010 1045 1046 1048 1049 1050 1051 1052 1053 1054 1055 1056 1057 1058 1059 1060 1061 1062 1063 1064 1065 1066 1071 1072 1073 1074 1075 1076 1077 1078 1079 1080 1081 1082 1083 1084 1085 1086 1087 1088 1091 1092 1093 1097 1098 1102 1103 1106 1107 1108 1109 1110 1111 1112 1113 1114 1115 1116 1117 1118 1119 1120 1121 1122 1123 1124 1125 1126 1127 1129 1130 1131 1132 1133 1134 1135 1136 1137 1138 1139 1140 1141 1142 1143 1144 1145 1146 1147 1148 1149 1150 1151 1152 1153 1154 1155 1156 1157 1158 1159 1160 1161 1162 1163 1164 1165 1166 1167 1170 1172 1173 1174 1175
11,9,0.0,112050.06999999993,34600.936916666586,423 426 427 430 431 432 433 434 435 436 437 438 439 440 441 442 443 444 445 446 447 448 449 450 451 453 454 455 465 466 690 705 784 922 925 933 934 936 937 982 984 990 991 992 993 994 995 996 998 999 1001 1003 1004 1005 1006 1007 1011 1012 1013 1014 1015 1016 1017 1018 1019 1020 1021 1022 1023 1024 1025 1026 1027 1028 1029 1030 1031 1032 1033 1034 1035 1036 1037 1038 1039 1040 1041 1042 1043 1044 1067 1068 1069 1070 1169 1171 1180 1181 1182 1183 1184 1185 1186 1187 1188 1190 1191 1194 1198 1200 1222 1223 1224 1225 1226 1227 1228 1229 1230 1231 1232 1233 1234 1235 1236 1237 1238 1239 1240 1241 1242 1243 1244 1245 1246 1247 1248 1249 1250 1251 1252 1253 1254 1255 1261 1262
